<annotation>
	<folder>my-project-name</folder>
	<filename>450475_528.jpg</filename>
	<path>/my-project-name/450475_528.jpg</path>
	<source>
		<database>Unspecified</database>
	</source>
	<size>
		<width>640</width>
		<height>431</height>
		<depth>3</depth>
	</size>
	<object>
		<name>N</name>
		<pose>Unspecified</pose>
		<truncated>Unspecified</truncated>
		<difficult>Unspecified</difficult>
		<bndbox>
			<xmin>239</xmin>
			<ymin>299</ymin>
			<xmax>255</xmax>
			<ymax>328</ymax>
		</bndbox>
	</object>
	<object>
		<name>N</name>
		<pose>Unspecified</pose>
		<truncated>Unspecified</truncated>
		<difficult>Unspecified</difficult>
		<bndbox>
			<xmin>257</xmin>
			<ymin>298</ymin>
			<xmax>273</xmax>
			<ymax>327</ymax>
		</bndbox>
	</object>
	<object>
		<name>N</name>
		<pose>Unspecified</pose>
		<truncated>Unspecified</truncated>
		<difficult>Unspecified</difficult>
		<bndbox>
			<xmin>321</xmin>
			<ymin>296</ymin>
			<xmax>338</xmax>
			<ymax>325</ymax>
		</bndbox>
	</object>
	<object>
		<name>N</name>
		<pose>Unspecified</pose>
		<truncated>Unspecified</truncated>
		<difficult>Unspecified</difficult>
		<bndbox>
			<xmin>304</xmin>
			<ymin>297</ymin>
			<xmax>321</xmax>
			<ymax>326</ymax>
		</bndbox>
	</object>
	<object>
		<name>N</name>
		<pose>Unspecified</pose>
		<truncated>Unspecified</truncated>
		<difficult>Unspecified</difficult>
		<bndbox>
			<xmin>338</xmin>
			<ymin>294</ymin>
			<xmax>354</xmax>
			<ymax>324</ymax>
		</bndbox>
	</object>
	<object>
		<name>N</name>
		<pose>Unspecified</pose>
		<truncated>Unspecified</truncated>
		<difficult>Unspecified</difficult>
		<bndbox>
			<xmin>358</xmin>
			<ymin>299</ymin>
			<xmax>374</xmax>
			<ymax>324</ymax>
		</bndbox>
	</object>
	<object>
		<name>N</name>
		<pose>Unspecified</pose>
		<truncated>Unspecified</truncated>
		<difficult>Unspecified</difficult>
		<bndbox>
			<xmin>375</xmin>
			<ymin>297</ymin>
			<xmax>390</xmax>
			<ymax>324</ymax>
		</bndbox>
	</object>
</annotation>