<annotation>
	<folder>my-project-name</folder>
	<filename>index2.jpg</filename>
	<path>/my-project-name/index2.jpg</path>
	<source>
		<database>Unspecified</database>
	</source>
	<size>
		<width>484</width>
		<height>104</height>
		<depth>3</depth>
	</size>
	<object>
		<name>N</name>
		<pose>Unspecified</pose>
		<truncated>Unspecified</truncated>
		<difficult>Unspecified</difficult>
		<bndbox>
			<xmin>53</xmin>
			<ymin>11</ymin>
			<xmax>102</xmax>
			<ymax>90</ymax>
		</bndbox>
	</object>
	<object>
		<name>N</name>
		<pose>Unspecified</pose>
		<truncated>Unspecified</truncated>
		<difficult>Unspecified</difficult>
		<bndbox>
			<xmin>103</xmin>
			<ymin>7</ymin>
			<xmax>152</xmax>
			<ymax>88</ymax>
		</bndbox>
	</object>
	<object>
		<name>N</name>
		<pose>Unspecified</pose>
		<truncated>Unspecified</truncated>
		<difficult>Unspecified</difficult>
		<bndbox>
			<xmin>227</xmin>
			<ymin>14</ymin>
			<xmax>281</xmax>
			<ymax>89</ymax>
		</bndbox>
	</object>
	<object>
		<name>N</name>
		<pose>Unspecified</pose>
		<truncated>Unspecified</truncated>
		<difficult>Unspecified</difficult>
		<bndbox>
			<xmin>283</xmin>
			<ymin>8</ymin>
			<xmax>333</xmax>
			<ymax>93</ymax>
		</bndbox>
	</object>
	<object>
		<name>N</name>
		<pose>Unspecified</pose>
		<truncated>Unspecified</truncated>
		<difficult>Unspecified</difficult>
		<bndbox>
			<xmin>336</xmin>
			<ymin>9</ymin>
			<xmax>378</xmax>
			<ymax>87</ymax>
		</bndbox>
	</object>
	<object>
		<name>N</name>
		<pose>Unspecified</pose>
		<truncated>Unspecified</truncated>
		<difficult>Unspecified</difficult>
		<bndbox>
			<xmin>403</xmin>
			<ymin>23</ymin>
			<xmax>428</xmax>
			<ymax>96</ymax>
		</bndbox>
	</object>
	<object>
		<name>N</name>
		<pose>Unspecified</pose>
		<truncated>Unspecified</truncated>
		<difficult>Unspecified</difficult>
		<bndbox>
			<xmin>434</xmin>
			<ymin>23</ymin>
			<xmax>465</xmax>
			<ymax>100</ymax>
		</bndbox>
	</object>
</annotation>